recording_id,species_id,songtype_id,is_tp,gmm_cluster,dbscan_cluster
8028f97c2,12,1,0,0,0
7e60a570a,23,1,0,0,0
b441cf212,23,4,1,0,0
cddceb09a,12,1,0,0,0
adbe22d73,10,1,0,0,0
acb80ff69,17,1,0,1,0
b1567318d,17,4,0,0,0
23f2f2080,17,1,0,1,0
c12e0a62b,17,1,1,0,0
a12182698,17,1,0,1,0
c4ec1e7de,12,1,1,1,0
19d786948,17,4,0,1,0
fb71ca02d,23,1,0,1,-1
5bc5ecedf,18,1,0,1,0
180d82dca,17,4,0,1,0
62433a307,18,1,0,1,0
1d949c49d,23,4,0,1,0
22a4f5ea7,10,1,0,1,0
d91f26b37,17,4,0,1,0
caf8b47ae,12,1,0,1,0
e0e8ceb33,18,1,1,1,0
ce4002d4e,23,4,0,1,0
27c146a88,23,4,0,0,0
7a578a3db,17,4,0,0,0
4261df85b,23,4,0,1,0
5b1e3b55b,17,1,1,1,0
4f1e24bce,10,1,0,0,0
551385b05,10,1,0,1,0
d59d099b3,17,1,1,0,0
9074b816c,17,4,0,1,0
46d4f692a,18,1,0,0,0
6d108a590,18,1,0,1,-1
28974b8b6,17,1,0,1,0
f7cf8e342,12,1,0,0,0
af0cf8016,10,1,0,1,0
670946fce,18,1,0,1,0
206f79102,23,1,0,0,0
0e0a36d7a,18,1,0,0,0
c848a67ab,18,1,0,1,-1
71e3f0503,10,1,0,0,0
5c18970b8,12,1,0,0,0
16553d5cd,23,4,1,0,0
d5cd58b16,17,4,0,1,0
38e65e173,17,4,0,1,-1
783029b7b,18,1,0,0,0
915443145,10,1,0,0,0
9cb5f0d5f,18,1,0,1,0
049bbf288,23,4,0,1,0
94b789ac1,12,1,0,0,0
ac7f34e8f,12,1,0,0,0
2c8b3fa52,23,4,0,0,0
928ef4799,17,1,0,0,0
2bb539997,10,1,0,0,0
d169ed0b5,12,1,0,1,0
de621d3a5,12,1,0,0,0
a0af97b46,23,4,0,1,0
568f644e1,12,1,0,0,0
437975e83,23,4,0,0,0
84fd342f8,12,1,1,1,0
6093f0100,17,1,0,1,0
f93a90649,10,1,0,0,0
737d85472,23,4,1,1,0
f806be4f5,10,1,0,1,0
5e94a23dd,10,1,0,1,0
557506b62,17,4,0,0,0
e42155880,18,1,1,1,0
f827a8428,23,1,0,0,0
1ce9fc3a3,10,1,0,0,0
17817e8f8,12,1,0,1,0
534ffb33a,10,1,0,0,0
364e10d4b,17,1,0,0,0
5cbd74b02,10,1,0,0,0
9c00b4d82,10,1,0,1,0
0f51600c8,10,1,0,0,0
f1b7d8c75,18,1,0,0,0
0f9fcb0c4,10,1,0,0,0
dd81b8980,17,1,0,1,0
7ab53e433,10,1,0,1,-1
5e7749f0e,17,4,0,1,0
1ed1abd44,17,1,0,1,0
c8bed66bb,10,1,1,0,0
428dae65f,18,1,0,0,0
715e2e294,18,1,0,1,0
4efa1757c,17,1,0,1,0
eca5caddc,10,1,0,0,0
59ce91d00,17,1,0,1,0
678d9eb55,23,1,0,0,0
fe754ef0d,10,1,0,0,0
efd9010ba,23,1,0,1,0
b6b2bb1cd,17,4,0,1,0
cfdd68da2,12,1,0,0,0
ec098238c,10,1,0,0,0
942ca05c0,18,1,0,1,0
2e6758f3e,17,4,0,1,-1
2fc2eca0c,17,4,0,1,0
34ccdfe77,18,1,0,0,0
6a1ffc4ef,10,1,0,1,0
45a4a9f44,18,1,0,1,0
498598789,10,1,0,0,0
ebeb631d2,18,1,0,0,0
3c1e77d9f,17,4,0,1,0
cf44264e5,23,4,0,1,0
b98d2c0f3,23,4,0,0,0
e00453b19,17,4,0,1,0
1e956d53b,17,1,0,1,0
d015ef3b5,23,4,0,0,0
ea394632e,10,1,0,0,0
561ed4362,23,4,0,0,0
87b953b11,18,1,0,0,0
f28530d94,18,1,0,0,0
e4c1b54b5,12,1,0,0,0
079cef4b3,17,1,0,1,0
404fa2c71,23,1,0,0,0
ba787d546,10,1,0,0,0
b4e23c482,17,4,0,0,0
929d655d3,23,4,0,1,0
83028db30,23,4,0,0,0
499b189fb,17,1,0,1,-1
ec02f75ce,18,1,0,1,0
8b237e9eb,23,4,0,1,0
499b189fb,17,1,0,1,0
3c48834c4,17,4,0,1,0
edccfd690,23,4,0,0,0
2ceab2a50,18,1,0,1,0
80183e4c7,18,1,0,0,0
cb61399d9,12,1,0,0,0
bef0a8e4c,23,1,0,1,0
7842a2fc4,23,4,0,1,-1
f3f82b897,17,1,0,0,0
119b154cc,23,4,0,0,0
9996f3de8,18,1,0,0,0
d59d099b3,17,1,1,0,0
b7af37ae0,18,1,0,1,0
56473f006,17,1,0,1,-1
03971ab79,18,1,0,0,0
af99851ef,18,1,0,1,0
6f423ed00,23,1,0,0,0
4ddebf17c,10,1,0,0,0
3647cd276,12,1,0,0,0
c7eba6954,12,1,0,1,0
2348f2034,12,1,0,1,0
4bc00de61,23,1,1,0,0
53517f2da,17,1,0,0,0
6add524d7,10,1,0,0,0
90170bbf9,12,1,0,1,0
3f002c337,10,1,0,0,0
18abb84a3,12,1,0,1,-1
157b73cfe,17,4,0,1,0
c4ec1e7de,17,1,0,1,0
d893bddaa,23,1,0,0,0
90170bbf9,12,1,0,1,0
84fd342f8,17,1,0,1,0
a904aee98,23,1,0,0,0
935e4c9b0,12,1,1,1,0
aefd0f061,17,4,0,1,0
7613c89c2,17,4,0,0,0
9919deb2f,17,1,0,0,0
0f08c882f,23,1,0,1,-1
119b154cc,17,1,0,0,0
fae8f99f6,17,4,0,0,0
f9bab6d86,12,1,0,1,0
4ef096b89,23,4,1,0,0
b50cd60ee,18,1,0,0,0
a1048dac6,18,1,0,1,0
0d503b7e8,10,1,0,0,0
8eab581da,23,4,0,0,0
a6266987d,23,1,0,0,0
073e4d908,12,1,1,1,0
d403225be,23,4,0,1,0
3a6637fb8,10,1,0,0,0
e438acdff,12,1,0,0,0
3eea13716,17,1,0,1,-1
f9f2bfa12,12,1,0,0,0
2f11a8c05,23,4,0,1,-1
6c032e356,23,1,1,0,0
a05862d01,17,1,0,1,0
8ec106891,18,1,0,0,0
a11b8f4b0,10,1,0,1,0
1fb41e1c4,18,1,1,1,0
ae485a26a,18,1,0,1,0
49b0f27db,17,4,0,1,0
631ed1b9c,23,4,0,1,0
4fab1986e,23,1,0,0,0
aea0fe44d,17,1,0,1,0
3a2afcf76,18,1,1,1,0
90836bf07,23,1,0,0,0
2a94d4b86,23,1,1,0,0
4e2bafe4d,17,4,0,1,0
e54604c66,10,1,0,1,0
17f55e62b,18,1,0,0,0
4229f3787,18,1,0,1,0
34340b225,23,4,1,1,0
9ea0bb335,23,1,0,0,0
8215b2a9c,17,4,0,0,0
c6e9db009,17,1,0,0,0
bbcb45cc0,10,1,0,0,0
47dde331d,17,1,0,1,0
c7677947e,17,4,1,0,0
01a976045,18,1,0,1,0
2fe00fdac,23,1,0,1,0
d689cee57,12,1,0,0,0
78cd98347,23,4,0,1,0
af23806c4,12,1,0,1,0
9d6de44f0,18,1,0,0,0
0c48ed342,17,4,0,0,0
48ceeeb96,12,1,0,1,0
ce4002d4e,12,1,0,1,0
1fb27e574,23,4,0,0,0
b297fe7ef,18,1,0,0,0
33c49049b,10,1,0,0,0
87e518677,17,4,0,1,0
6f252ae6e,23,1,0,0,0
8cee03244,23,4,0,0,0
cd96b0637,17,1,0,1,0
4621de448,23,1,1,0,0
dc27c393a,10,1,0,0,0
d92f32f51,23,1,0,0,0
f64cfa023,23,1,0,0,0
e4c1b54b5,17,1,0,0,0
dcc3ada2a,10,1,0,1,0
c584081e4,17,4,0,1,0
826093ce7,10,1,0,0,0
d7730ecbc,18,1,0,0,0
e71a00f8d,17,1,0,1,0
1b90ba570,12,1,0,0,0
cb3285a5b,17,4,0,1,0
4b3e0b984,17,1,0,0,0
bf68ca2b0,17,1,0,1,0
942b41be5,17,4,0,1,0
cc05ecd08,18,1,1,1,0
7448edc55,17,1,0,1,-1
98d2722f5,17,4,0,1,0
221b20d20,17,1,0,0,0
523267c09,10,1,0,0,0
7478fd629,18,1,1,1,0
9817ad011,18,1,0,0,0
ac1f2633e,17,1,0,1,0
43fee64b4,18,1,0,0,0
0968aea09,12,1,1,1,0
06c44d203,12,1,0,0,0
43d34d63c,18,1,0,0,0
44f4e69f6,17,1,0,0,0
d3ca12fcc,17,4,0,1,0
77cde7112,18,1,0,1,0
fceda95a6,10,1,0,0,0
7c2d10d0a,10,1,0,1,0
09a946316,23,1,1,0,0
657339fdd,10,1,0,0,0
4bca7a973,12,1,0,0,0
01dd6474a,10,1,0,1,0
99efe9a99,10,1,0,0,0
9f45e0d76,10,1,0,1,0
414a5da6e,10,1,0,1,0
340c7f964,23,4,0,0,0
c131e9b07,10,1,0,0,0
2b1b234ce,23,1,0,1,-1
9425c4b01,12,1,1,1,0
35a0342b2,18,1,0,0,0
d5163b4ef,10,1,1,0,0
2e698aba5,23,4,1,0,0
03e8c2dc8,12,1,0,1,0
95b0acae3,10,1,0,0,0
c21cff9ba,17,1,0,1,0
6166bd53b,17,4,0,1,0
1ef301db3,17,1,0,1,0
687733bf1,17,4,0,1,0
f51c0da28,23,4,0,0,0
c6713b132,17,4,0,0,0
f0d8ebc52,17,1,0,1,0
0c07848ae,18,1,0,0,0
2308ff2e5,23,1,0,0,0
cb44804ac,23,4,0,1,0
c146d2422,17,1,0,1,-1
ab5e71344,23,1,0,0,0
868db1d19,23,4,1,0,0
aeb0f61bf,12,1,0,0,0
08f1d28d2,23,4,0,1,0
bdec2b074,10,1,0,0,0
7824bd6ff,23,4,0,0,0
61d247d6b,23,1,0,1,0
eccdd4ea8,18,1,0,1,0
24de2bce7,18,1,0,0,0
03b0b2911,17,1,0,1,0
50b852b5f,10,1,0,0,0
12ab8cc1e,18,1,0,0,0
ce4002d4e,12,1,0,1,0
1c0510f72,23,4,0,0,0
f3ed4434b,10,1,0,0,0
0a9143370,17,4,0,0,0
e61f696cf,18,1,0,0,0
912b56587,12,1,0,1,0
3706b60bc,10,1,0,1,0
8c2c746fa,12,1,0,1,0
c84df9ac5,23,1,0,0,0
c6072a608,10,1,0,1,-1
c21b3e6c8,17,1,0,0,0
65f32be6d,17,1,0,0,0
8a4fde83f,17,1,0,0,0
c1c7e3370,17,4,0,0,0
d5992de83,17,1,0,0,0
e0bbdcd8d,17,1,0,1,0
7a7523920,17,1,0,0,0
88b2756d9,10,1,0,1,0
f5087f6e9,23,4,0,1,0
e22487d26,10,1,1,0,0
1cd3a6d11,23,1,0,1,0
f4dd82c85,18,1,0,0,0
0e952fb8a,23,1,0,0,0
485247827,17,4,0,0,0
1aa00dc63,18,1,0,1,0
acaa59d2b,10,1,0,1,0
ca0bf5f45,18,1,0,1,-1
5e647f796,23,4,0,1,0
128b7044e,23,1,0,0,0
3fbde2a1f,17,4,0,1,0
049a76094,23,4,0,1,0
862c8bffa,12,1,0,0,0
7ab084435,10,1,1,0,0
8002a1798,18,1,0,0,0
e8b85bca0,17,1,0,0,0
6c46ba8f1,17,1,0,1,0
d6713bfd9,23,4,0,0,0
4d2d0f5e3,23,4,0,0,0
67205f705,18,1,0,1,-1
119b154cc,17,1,0,0,0
620ca6454,23,1,0,0,0
8303f19b8,23,4,0,1,0
871aff1b5,23,4,0,1,0
2026bced7,12,1,1,1,-1
632af67c7,23,1,0,1,0
7a49b2465,17,4,0,1,0
38c1d46ef,10,1,0,0,0
24d8e11a9,23,4,0,0,0
4c8d4eda8,17,1,0,0,0
f7d3b0080,10,1,1,0,0
c38932af9,10,1,0,1,0
ed2f84e75,23,4,1,1,0
d3abb14b7,17,4,0,0,0
84550302d,17,1,0,0,0
5bf1ac192,23,1,1,0,0
e59588338,17,1,0,1,0
ff858780b,12,1,0,1,0
5f34798c3,23,4,0,0,0
0099c367b,17,4,1,0,0
822e204df,23,1,0,0,0
8daabd226,10,1,0,0,0
567e55bef,23,4,0,0,0
b72980251,12,1,0,1,0
5422cbdda,23,1,0,1,-1
3a2b59426,12,1,0,1,-1
56d22a5b3,18,1,1,1,0
a30fc5a56,23,4,0,0,0
575044d36,10,1,0,0,0
d3020850e,12,1,0,1,0
667cb9ba7,10,1,0,0,0
8487fa506,23,4,0,1,0
0275e127d,10,1,0,1,0
cf4dee5dc,17,1,0,1,0
51fc99844,12,1,0,1,0
7cd8ce712,23,4,0,0,0
5a55970ad,17,1,1,0,0
869145e0b,23,4,0,0,0
c0722e5fd,12,1,0,1,0
988e03248,10,1,1,1,0
d6713bfd9,17,1,0,0,0
e1b24c35f,23,1,0,0,0
16cf75798,18,1,0,0,0
d7b2622e9,23,1,0,1,0
7227068d3,23,4,0,1,-1
e89563a18,23,4,0,0,0
c12ca0c0f,10,1,0,0,0
db3cdbf35,17,4,0,0,0
221b20d20,17,4,0,0,0
85fd75b28,12,1,1,1,0
d5992de83,23,4,1,0,0
58ac9ae47,18,1,0,1,0
48ceeeb96,23,4,1,1,0
50d982302,12,1,0,1,0
6b46c794b,10,1,0,0,0
8d1aa8b4f,12,1,0,0,0
de8af793e,10,1,0,0,0
f8cb4f59b,17,4,0,0,0
d6c136fc8,10,1,0,1,0
5cd1a3c29,12,1,1,1,0
fd1970634,18,1,0,0,0
2fa789928,12,1,0,0,0
24e76d609,12,1,0,0,0
427d1a943,18,1,0,1,-1
d2521e761,12,1,0,1,0
515ab9c02,10,1,0,0,0
48fb7aa8d,23,1,0,0,0
cb5ddad47,17,1,1,1,0
9cb5f0d5f,10,1,0,1,0
32464c219,18,1,0,1,-1
7fd54f2d4,23,1,0,1,0
f7c93a6a8,23,4,0,1,0
7c7c016f6,23,4,0,0,0
7859fda05,12,1,0,1,0
ef0dffdab,12,1,0,0,0
85b8520bf,12,1,0,0,0
200656f13,23,4,1,0,0
db29755be,12,1,0,1,0
0c448e77c,17,4,1,0,0
faca6a380,17,4,0,0,0
3f0f6e73d,10,1,0,1,0
e10908e68,23,1,0,0,0
408fcd1dc,23,4,1,1,-1
c7dc9f7f4,23,4,0,0,0
f3cb40395,23,1,1,1,0
ffaaa4c77,10,1,0,0,0
61d1f5e59,23,4,1,0,0
edc38715d,23,1,0,0,0
a37a0bba7,17,4,0,0,0
6d93f853d,17,1,1,0,0
e5fb30fa4,17,1,0,1,0
94dc4b563,17,4,0,0,0
2d81f8edf,17,1,0,0,0
4002de600,23,1,0,0,0
0f8ea71e4,23,4,0,0,0
05194d95e,12,1,0,1,0
dd35e08f1,18,1,0,1,0
68049cb26,17,4,0,1,-1
65f32be6d,17,1,0,0,0
56333906d,12,1,0,1,0
3fcca1372,17,1,1,1,0
ecd47f7cc,23,1,1,0,0
30c4c7522,10,1,0,0,0
2f11a8c05,17,4,0,1,-1
b6e0c5c42,10,1,0,1,0
bb257e4af,23,1,0,0,0
110a7678f,10,1,0,0,0
a1873fe1a,17,1,0,1,0
c5d282e1e,23,4,0,1,0
520a743a9,18,1,0,0,0
84b066e27,10,1,0,0,0
450fe6a1e,17,4,0,0,0
ae521f781,12,1,0,1,0
0876d30ac,23,1,0,0,0
8e6e5659e,18,1,0,1,0
37e8f76ab,23,1,0,0,0
e3a71c03b,12,1,0,0,0
e53e45454,10,1,0,0,0
158c5acb6,17,4,0,1,0
03e8c2dc8,17,4,0,1,0
459389f95,12,1,0,1,0
c874f072d,23,1,0,0,0
7227068d3,12,1,0,1,0
aae654cb9,23,1,0,1,0
e18411873,18,1,0,0,0
d37d68bdb,17,4,0,1,0
57de62a79,23,1,1,0,0
da708c386,12,1,1,1,0
7a8747d7b,17,1,0,1,0
2c97a8020,23,4,0,1,0
84d2746ce,10,1,0,1,0
a34edc26f,23,4,0,1,0
911df6a5e,23,4,0,1,0
134c64639,23,4,0,0,0
d69d972b4,17,1,0,1,0
e317ae8c7,17,4,0,0,0
246434b48,10,1,0,0,0
477119234,12,1,0,0,0
0e799da44,18,1,1,1,0
ccd017bff,17,1,0,1,0
c5de5386a,18,1,0,0,0
bd2ffd93e,10,1,0,0,0
d1d23c26d,17,1,0,0,0
88c331db3,10,1,0,0,0
5bfe1dec6,17,1,1,0,0
87b2981de,18,1,1,1,-1
9a884492c,23,1,0,1,0
4ce39f33d,23,1,0,0,0
af6b32ad4,23,1,0,0,0
053aeb7bd,23,4,1,1,0
59a9eb657,23,4,1,1,0
f59a76d40,18,1,0,1,-1
3f19ff147,18,1,0,0,0
17b6d882e,23,1,0,0,0
cb3285a5b,10,1,0,1,0
eccdd4ea8,23,4,0,1,0
a12d0c71c,17,1,0,1,0
f6e41b038,18,1,0,0,0
c8e0b8353,23,4,0,1,0
cb5ddad47,17,1,1,1,0
b2c16d2d4,17,1,0,0,0
dd81b8980,17,4,0,1,0
aacdd6c41,17,1,0,0,0
d284a6ee2,23,1,0,0,0
13c887207,12,1,0,0,0
62f33099f,17,1,0,0,0
178b835e3,23,4,0,0,0
50837f004,12,1,0,1,0
a189dad1b,10,1,0,0,0
46e316674,18,1,0,0,0
d291fab38,17,4,1,0,0
55b2b19d1,17,1,0,1,0
74fbde29b,18,1,1,1,0
c12e0a62b,17,1,1,0,0
ef0dffdab,17,1,0,0,0
160c76ee7,23,1,0,0,0
edcdb1df0,17,4,0,0,0
a554c9c3e,23,1,0,0,0
9fbcd740a,23,4,0,0,0
f3df14ff5,17,4,0,1,0
1a9743443,12,1,0,0,0
954262c8f,23,1,0,1,0
cb61399d9,10,1,0,0,0
5b219bb1c,12,1,1,0,0
2393b59e0,23,1,1,0,0
d7a655c45,17,1,0,1,0
15d9e6d8b,18,1,1,1,-1
f51c0da28,10,1,0,0,0
e311ea99b,17,4,0,1,0
5c609dbfb,18,1,1,1,0
e4454e447,23,1,0,0,0
82ff46226,23,4,1,0,0
03ac92720,10,1,0,1,-1
160c65ebc,17,1,0,0,0
9b7ef67f5,10,1,0,1,0
d4e5616b6,23,1,0,0,0
d7cb8e99f,12,1,0,1,0
326992b55,12,1,0,1,0
7aee07881,12,1,0,0,0
825084273,12,1,0,0,0
0d4a24cc8,23,1,0,1,0
dc6734a0e,17,4,0,1,0
b1567318d,17,1,0,0,0
990662a03,18,1,0,0,0
2febbdfc5,23,4,0,0,0
1d1083982,17,4,0,1,0
47ff9c6bc,18,1,0,0,0
01d1aeb9a,17,1,0,1,0
3c766c3c8,23,1,0,0,0
9c86d718d,17,1,0,0,0
a51afbc02,17,4,0,0,0
ff6aa0e63,18,1,0,0,0
f885c0336,23,4,0,0,0
a2ae08a6e,12,1,0,0,0
1e469c124,18,1,0,0,0
8593f9606,17,4,0,1,0
d8b362a0a,12,1,0,1,0
5f8eecc9e,23,4,1,1,1
7e370f1f3,18,1,0,0,0
bc0b86e9a,17,1,0,0,0
c856e9ac6,23,1,0,0,0
9afa17810,17,1,0,1,0
c6e411c90,23,4,0,1,0
4916ad38a,18,1,0,0,0
2d4be0d32,23,1,0,1,0
71db64300,23,1,1,1,0
0cf1a2ecd,12,1,0,0,0
533ae3f85,18,1,1,1,0
d2bd64c72,23,1,0,1,-1
d0ea4e8aa,17,1,0,1,0
708e4dd42,12,1,0,1,-1
59a9eb657,17,1,0,1,0
64336bff0,17,4,0,1,0
43423d1e3,18,1,0,0,0
0dceae04a,12,1,0,0,0
61b576271,17,1,0,1,0
cb6361d10,23,4,0,1,0
c8aec31ab,23,1,0,0,0
1af4713d0,17,4,0,1,0
8b24f2f98,18,1,1,1,0
718e842a7,18,1,0,0,0
8a911af21,23,1,0,1,-1
6af54a2ef,12,1,0,0,0
306c7f7f9,23,1,0,0,0
c5b77ac32,17,4,0,0,0
3c621e663,17,1,1,1,0
cdb4a1e29,10,1,0,0,0
28250a178,12,1,0,1,0
0a9143370,17,1,0,0,0
d0ea4e8aa,18,1,0,1,0
86de74a7c,23,1,0,0,0
498cf88de,12,1,0,0,0
8a36a56bd,10,1,0,0,0
5b5e3b4f6,10,1,0,0,0
2ae54cd8e,23,1,0,0,0
5f8eecc9e,23,4,1,1,1
079cef4b3,18,1,0,1,0
8c7648ac2,17,1,0,1,0
9b59cbadc,17,4,0,1,0
ed2ae7025,18,1,1,1,0
cf9f7c5b6,17,1,0,1,0
14218200a,17,1,0,0,0
b55999b5b,23,4,0,1,0
ce5b205f3,12,1,0,1,0
59b4226c2,23,1,0,0,0
097a91620,17,1,0,0,0
4faff1567,23,1,0,0,0
4982fe54d,17,1,0,1,0
097a91620,23,4,0,0,0
5a7cc4e44,17,4,1,0,0
e77061ecf,12,1,0,0,0
cb3285a5b,12,1,0,1,0
749447350,12,1,0,1,0
1a9743443,12,1,0,1,0
c8c39d92c,23,4,0,0,0
b68e70116,18,1,0,0,0
476398f34,17,4,0,0,0
10fc9a772,23,4,0,1,0
f5427b3c3,23,4,0,0,0
5063b6b7c,23,1,0,0,0
d9544d359,10,1,0,0,0
bec6d5f64,23,4,0,1,0
b3da3e09c,17,4,0,0,0
338184e49,18,1,0,0,0
1e379f7a6,23,1,0,0,0
c138beefa,17,4,0,0,0
ae6c05443,23,1,0,0,0
b3b432bcc,23,1,0,0,0
371ef3886,12,1,0,1,0
bda5fbf5a,17,1,0,0,0
cb6361d10,18,1,0,1,0
c0a0e43f1,23,1,0,0,0
6f036d0ff,18,1,0,1,0
6346c01fa,18,1,1,1,0
63e47e918,17,1,0,0,0
0bca40ab7,23,1,0,0,0
b42aa0f8b,17,1,0,0,0
2d1d36b45,23,1,0,0,0
bc3f9bc70,17,4,0,1,0
55b2b19d1,23,4,1,1,0
0a4e7e350,10,1,0,1,0
aa1ee13f5,23,4,0,0,0
b2f3a6df5,23,1,1,1,0
33d5aebae,12,1,0,1,-1
e3cb27123,18,1,0,1,0
d5cd58b16,17,1,0,1,0
21aa5dd1b,17,1,0,0,0
5281fc845,18,1,0,1,0
890abb1e3,23,1,1,0,0
619a7af56,17,4,0,0,0
ed82ecb39,23,4,0,1,0
3b83c6041,10,1,0,1,0
ef0faf6e4,12,1,0,0,0
64877c794,23,1,0,0,0
492aa511d,23,1,0,0,0
2cd6722de,23,1,0,0,0
a00811313,17,1,0,1,0
07edb03ee,23,4,0,1,0
003b04435,23,1,0,1,0
0efea8645,12,1,0,1,-1
bda5fbf5a,18,1,0,0,0
23edf6e3a,17,1,0,1,0
111e16fce,17,4,0,1,0
d8682919a,17,4,0,0,0
5400d50cd,12,1,0,0,0
d89c2cc01,10,1,0,1,0
75c169e51,10,1,0,1,0
8529da957,18,1,0,1,-1
355ab6993,23,1,0,0,0
8eb0e591c,10,1,1,0,0
c21cff9ba,17,4,0,1,0
f2dfb1141,17,1,0,1,0
c3ed6269b,18,1,0,1,0
bae729612,23,1,0,0,0
438c12dbc,23,4,0,1,0
5673135ca,23,4,1,0,0
96e4d0c55,18,1,0,1,0
ce66ba21f,23,4,0,0,0
a52ca6402,10,1,0,0,0
50de63436,18,1,0,0,0
9d1eee84d,23,4,0,0,0
edd568403,12,1,0,0,0
b69ef4e9a,10,1,0,0,0
774912d66,23,4,1,0,0
f33f1761c,17,1,0,1,-1
cea5f9671,10,1,0,0,0
95009b8a9,10,1,0,1,0
e9718c8a3,18,1,0,1,0
9dad9aacc,23,1,1,0,0
1a0846177,18,1,0,0,0
90dae96a8,23,4,0,1,0
d93aaa1bc,18,1,1,1,-1
1e0841e3e,23,4,0,0,0
73c6702b4,17,1,0,1,0
b0aabdd5e,23,1,0,0,0
5ceffea1d,17,1,0,0,0
044f7a7e5,17,4,0,1,0
dca449f04,17,4,0,0,0
13ccbd76b,10,1,0,0,0
1dbb4a233,23,1,0,0,0
0313e82cf,17,4,0,1,0
dac7a83a3,10,1,1,0,0
f63c7ca2f,10,1,0,0,0
2eab70582,18,1,0,1,0
7d8f64e05,17,4,0,0,0
94727a701,12,1,0,1,0
d59d099b3,17,1,1,0,0
f241314bb,17,4,0,1,0
b27432d62,10,1,0,0,0
1821c718c,17,4,0,0,0
7c190fe10,23,4,0,0,0
fff163132,17,4,0,1,-1
2f471452d,18,1,0,1,0
811eb8938,23,1,0,0,0
cae7b4e19,23,1,0,0,0
9502c6244,23,1,0,0,0
b113aaf6c,12,1,0,1,0
f61b72beb,23,1,0,0,0
f5052f12e,10,1,0,0,0
211cde35f,10,1,0,1,0
6542fd7a5,10,1,0,0,0
56333906d,18,1,0,1,0
de3e724d0,18,1,0,0,0
6f7eec323,17,4,1,0,0
0079ff47b,17,1,0,1,0
3d7a0cbcc,12,1,0,0,0
9d1eee84d,10,1,0,0,0
3d63d443b,17,4,0,1,-1
95584cdc7,23,1,0,0,0
ce66ba21f,17,4,0,0,0
e241fa412,23,1,0,0,0
0a29fd478,10,1,0,1,0
bb71b28e8,18,1,0,0,0
14c77ad32,18,1,0,0,0
160add406,23,4,1,0,0
809f887ad,12,1,0,0,0
35a0342b2,23,4,0,0,0
a6737db48,18,1,0,1,0
732cfd202,17,4,0,0,0
50d982302,12,1,0,1,0
0669568b1,17,4,0,0,0
8cd40473f,23,4,0,1,0
3131292b7,18,1,0,1,-1
938d9433b,18,1,0,1,0
8fa859d45,17,1,0,0,0
2cd094d21,12,1,1,1,0
869145e0b,17,4,0,0,0
55228e5c5,12,1,0,1,0
d58429096,23,4,0,0,0
dca449f04,17,4,0,0,0
7583b7c0c,17,4,1,1,0
bedcc4c9b,18,1,0,0,0
97630c03d,17,1,0,0,0
2c97a8020,17,1,1,1,0
a87cd26bc,18,1,0,0,0
6699f108a,23,1,0,0,0
e121e9a23,23,1,0,1,0
7e0d06929,10,1,1,0,0
442e648c3,18,1,0,1,0
62de3f962,23,1,0,0,0
5c22f5f77,23,1,0,0,0
6414d3225,18,1,0,0,0
db3e17f41,10,1,0,0,0
d91f25ca7,23,1,1,0,0
f879b8abf,17,4,0,0,0
e860b5f55,10,1,0,0,0
04d6b1fc1,17,4,1,0,0
55035bfca,23,1,0,0,0
fe83b6421,23,4,0,1,0
a339d1955,23,1,0,0,0
e67d1e166,17,1,0,0,0
88b2756d9,17,1,0,0,0
783029b7b,17,1,0,0,0
eec8513cf,23,4,0,0,0
a993402e2,23,4,1,1,0
11bafff5d,23,1,1,0,0
087e68d29,23,1,0,0,0
5f32514a2,18,1,0,1,-1
d9f9d51f6,12,1,0,0,0
896080a53,12,1,1,1,0
b903019b9,23,1,0,0,0
8eb1bc5e1,23,1,0,1,0
b2dddb23b,17,1,0,0,0
9b5bdb9bb,17,1,0,1,0
095ab4bbb,17,1,0,1,0
bf6aa9579,18,1,0,0,0
625c8a5e2,17,1,0,1,0
1028dc3ed,17,4,0,0,0
8efac5ba4,10,1,0,0,0
72ac13758,23,4,0,0,0
1ca8c8af6,12,1,1,1,1
8ad61d101,23,1,0,0,0
2910b666b,17,4,0,1,0
a3c5b8e89,23,4,0,1,0
cb1e88b0e,12,1,0,0,0
7071fd618,17,4,0,1,0
17afba68e,10,1,0,1,-1
64025c7e6,18,1,1,1,0
4b557883e,10,1,0,0,0
7ab53e433,23,1,0,1,-1
8f3d579c8,17,1,1,1,0
b94ee8f0a,23,1,0,0,0
e3651f526,17,1,0,0,0
dacda707f,23,1,1,0,0
87308716b,23,4,0,0,0
bb71b28e8,12,1,0,0,0
f5f952b6b,17,4,0,0,0
5ad7222ae,23,1,0,0,0
a10abca35,17,1,0,1,0
4216f7492,10,1,0,1,0
63b4d63b0,12,1,0,0,0
5af76ac16,17,1,0,0,0
ea26b19ee,12,1,0,1,0
79f7b3873,17,4,0,0,0
ad77a550c,23,1,0,0,0
e007788da,17,1,0,1,0
134c64639,23,4,0,0,0
4703c3528,10,1,0,0,0
98d039965,18,1,0,1,0
ed10a157a,23,1,1,0,0
b544928c0,17,1,0,1,0
41a0e0f9e,18,1,0,1,-1
dfa6a4a64,10,1,1,0,0
6183a10fc,10,1,0,0,0
572da1077,23,1,0,0,0
cbc0ccff3,23,4,0,1,0
364e10d4b,17,1,0,0,0
f51c0da28,23,4,0,0,0
a2eb73066,23,1,0,0,0
14c10dbd8,12,1,0,1,0
19b189d6e,10,1,0,1,0
7147c1869,10,1,0,1,0
c8e0b8353,12,1,0,1,0
557506b62,23,4,0,0,0
9d21d02a7,18,1,0,1,0
c8a178afd,18,1,0,1,0
74eca68e7,23,4,0,0,0
61215a02d,10,1,0,1,0
4261df85b,18,1,0,1,0
f12753fce,18,1,0,1,0
87e518677,12,1,0,1,0
4284af850,17,1,0,1,0
c238df4c4,10,1,0,0,0
58ac9ae47,12,1,0,1,0
373ec0df1,18,1,0,1,0
0f52b6177,23,1,0,1,-1
150cf1c58,12,1,0,0,0
f63878d52,23,1,0,0,0
414098e6e,18,1,0,1,0
668784de4,12,1,0,0,0
ee3dc0bc6,17,1,1,1,0
cd78d6c5d,17,1,0,1,0
b6a5fed59,23,1,0,0,0
53e03be42,17,1,0,0,0
daa57db65,17,1,0,0,0
e5e9b6e63,10,1,0,1,0
b808df02d,23,4,0,1,0
f84b8c8d3,23,4,1,0,0
35bfceac7,10,1,0,0,0
06d95a7e8,12,1,0,0,0
ac7d4a80e,12,1,0,1,0
d8b362a0a,17,4,0,1,0
f7d92975f,23,1,1,0,0
df2fa42b2,10,1,0,1,0
f3f813801,17,4,0,0,0
78941c48b,17,1,1,1,0
96d0e4d61,12,1,0,0,0
3d4ad27d4,23,1,0,0,0
af99851ef,12,1,0,1,0
90dae96a8,23,4,0,1,0
7caaeb706,17,4,1,1,0
f563c666c,17,4,0,1,0
c1c4d9ac3,12,1,0,1,0
a2b073406,17,1,0,1,0
f4f758958,23,4,0,0,0
119b154cc,18,1,0,0,0
ffd88cd84,17,4,0,1,0
0178fe09a,23,4,0,0,0
475ab9faa,12,1,0,1,0
0b306a59b,23,4,0,0,0
994165911,10,1,0,0,0
6360cf2fd,18,1,0,1,0
92d06e7bd,23,1,0,0,0
ac80595a7,10,1,0,1,0
4d55c368e,12,1,0,1,0
7767bf3e1,23,1,0,0,0
e7a81dc55,18,1,1,1,0
6e2259a14,23,4,0,0,0
f034ac58b,18,1,0,0,0
0b2fa3f80,12,1,1,1,0
6eccc3009,18,1,0,0,0
9d1eee84d,12,1,0,0,0
4113f2ba4,23,4,0,0,0
2bd964a10,23,1,0,0,0
65123f0c1,23,1,1,0,0
bedcc4c9b,17,4,0,0,0
660604c58,18,1,0,1,-1
629489592,12,1,1,0,0
a90c80393,18,1,1,1,0
413ac68c8,23,1,0,1,0
ffb9a7b9a,18,1,1,1,0
c8d7b60a3,17,4,0,1,0
a38680501,18,1,0,1,0
32c0ebf77,10,1,0,0,0
6c30da560,18,1,0,1,0
fd59168d0,17,4,0,1,0
6e82ee19a,10,1,1,0,0
acff61b19,23,4,0,0,0
5bfe1dec6,17,1,1,0,0
8b044db51,23,4,0,0,0
5502d8ff2,10,1,0,1,0
9d293be93,17,1,0,1,0
b9f3581d5,18,1,1,0,0
b7905f8d7,12,1,0,0,0
a66d44311,10,1,0,0,0
aea0fe44d,12,1,0,1,0
f829230cd,10,1,0,0,0
11a475baa,18,1,0,1,0
fd71b9c9d,23,4,0,0,0
830392799,17,1,0,1,0
b79bbab79,23,1,0,0,0
e14e526c4,23,4,0,0,0
51740727d,23,4,0,1,0
e8799a715,17,4,0,0,0
1f005146f,10,1,0,0,0
93eb4d412,23,1,0,0,0
ec5e26845,23,4,0,0,0
f3bebfb56,18,1,0,1,0
007f87ba2,12,1,1,1,-1
b80bfc8f2,17,4,1,0,0
259a2986d,10,1,0,0,0
c7eba6954,18,1,0,1,0
ce4a422fa,23,1,0,1,0
7859fda05,23,4,1,1,0
45eb59137,23,4,0,1,0
400b7210c,17,1,1,0,0
43b27b5ab,18,1,1,1,0
421c20bdc,10,1,0,1,0
15bc6e498,18,1,0,1,-1
557fb15c7,18,1,0,1,0
340c7f964,18,1,0,0,0
55d68ab36,17,4,0,0,0
774912d66,23,4,1,0,0
604583528,23,4,1,1,0
557fb15c7,17,1,0,1,0
8617b62b0,17,4,0,1,-1
2d805f006,17,1,0,0,0
cb3e3b083,12,1,0,0,0
c727fdb29,23,1,0,0,0
533523ce2,18,1,0,1,0
1c983c37d,10,1,0,0,0
1abe6487f,17,4,0,0,0
0cf1a2ecd,12,1,0,0,0
cee1c4a44,18,1,0,0,0
3641f60b7,18,1,0,1,-1
1aaff8b07,10,1,0,1,0
ffc6031f8,23,4,0,0,0
58ad8e5fc,18,1,0,1,0
35a6e0f7e,12,1,0,0,0
e4c1b54b5,17,1,0,0,0
56992e114,23,1,0,0,0
2cd094d21,17,1,0,1,0
3c1e77d9f,17,1,0,1,0
cb3e3b083,17,1,0,0,0
e61f696cf,17,1,0,0,0
07748f4da,23,4,0,1,0
d396e24de,12,1,0,1,0
1100df69a,17,1,0,1,0
27eb32774,23,1,0,1,0
7dec0f472,10,1,1,0,0
c5cfc1beb,23,4,0,0,0
fd32fec9c,23,1,0,0,0
119b154cc,12,1,0,0,0
c1a5ee1dd,10,1,0,0,0
e1ed501f9,23,4,0,0,0
d4b2c6c14,18,1,0,1,0
764a0b80c,23,1,0,0,0
939659635,18,1,0,1,0
78e9f0460,17,4,0,1,0
5b1e3b55b,17,1,1,1,0
0f1ab51d5,17,1,0,1,0
048c43993,23,4,0,0,0
7f0435927,10,1,0,1,0
820799e38,17,4,0,0,0
366fad396,18,1,0,0,0
b3da3e09c,17,1,0,0,0
8921fa98d,18,1,0,1,0
3fcead61b,17,4,0,1,-1
883db48e7,23,1,0,0,0
a227d1315,17,4,0,0,0
8250cac8d,18,1,0,0,0
b156b0132,17,1,0,1,0
2c763167e,23,1,0,0,0
bb76d35a5,23,1,0,0,0
8c7648ac2,23,4,0,1,0
2ef55ba62,10,1,0,0,0
56334e3c8,17,1,0,0,0
02b9a8ab9,12,1,1,1,0
4804370bf,23,1,0,0,0
1d1a43a51,10,1,0,0,0
21ce5cb13,10,1,0,0,0
890c14284,17,4,0,1,0
5f9b4785b,18,1,0,0,0
c5b6c5b49,18,1,0,0,0
f8cb4f59b,17,1,0,0,0
e3daeed31,18,1,0,1,0
8983e42bf,17,1,0,0,0
1504619b7,18,1,1,1,0
d3ca12fcc,12,1,0,1,0
2d805f006,17,1,0,0,0
537d68a67,10,1,0,0,0
b46ce77de,17,4,0,1,0
886af77dd,23,1,0,0,0
158fd6508,23,1,0,0,0
cbc07e2ec,12,1,1,1,0
162733a64,18,1,0,0,0
eab360d90,23,4,0,1,0
39864d8ba,10,1,0,0,0
1c229b9bf,10,1,0,0,0
9310f718f,23,1,0,0,0
4afa4d4d2,17,4,0,0,0
23adb9473,23,4,0,0,0
77421c86d,12,1,0,1,0
47a06e99e,23,1,0,0,0
fc326c372,17,4,0,1,0
f4f758958,23,4,0,0,0
b5cfd95e2,10,1,0,0,0
7de7d4ab5,10,1,0,0,0
7080d05d4,23,1,1,0,0
25baea02d,17,1,0,0,0
551385b05,23,4,1,1,0
4f32e4c9e,10,1,0,1,0
5f0242614,23,4,0,1,0
c57363daf,10,1,0,1,0
0968aea09,10,1,0,1,0
39c15e092,10,1,1,1,0
8cd40473f,23,4,0,1,0
8ec858427,17,4,0,0,0
20334f36e,23,4,0,1,-1
63e47e918,23,4,0,0,0
27c146a88,17,4,1,0,0
e27bcadb1,12,1,0,1,0
bc12e59b4,18,1,0,0,0
2c97a8020,17,4,0,1,0
e3aece4d9,23,1,0,0,0
58abd41b1,23,1,0,0,0
1d079d7fc,17,4,0,1,0
7225b9048,10,1,0,0,0
0fc62dd3c,18,1,1,1,0
18d1e6ea1,12,1,0,1,-1
ff61d0146,23,4,0,0,0
874247006,17,4,0,0,0
942b41be5,17,1,0,0,0
c72cc7b33,17,1,0,1,0
2c8b3fa52,17,4,0,0,0
42ea7a091,18,1,1,1,0
4e8ce4ee5,23,1,0,0,0
1cf65a85a,12,1,0,1,0
4229f3787,10,1,0,1,-1
28974b8b6,12,1,0,1,0
2348f2034,17,1,0,1,0
ecb326f94,23,4,0,1,0
567e55bef,23,4,0,0,0
af179df28,18,1,0,0,0
1aef4f8ff,17,4,0,1,-1
2bb539997,18,1,0,0,0
62ce69590,18,1,0,1,-1
6c2400d3e,18,1,0,0,0
72d2b57bc,18,1,0,1,0
2f1c2dc2d,12,1,0,1,0
b4a3fb69c,17,4,1,0,0
76ca28f1f,23,1,0,0,0
dcf09c26d,18,1,0,0,0
f15dd21b5,17,4,0,0,0
631ed1b9c,10,1,0,1,0
72ccf4de7,23,4,0,0,0
c584081e4,18,1,0,1,0
57e8854f7,10,1,0,0,0
4afa51495,10,1,1,0,0
cfca0f35c,17,1,0,0,0
d6c75de73,12,1,0,1,0
698cd97d6,18,1,0,1,-1
7878d8306,17,1,1,0,0
8ffc662db,18,1,0,1,0
7c7c016f6,23,4,0,0,0
e666beee8,18,1,0,1,0
5840c2d77,10,1,0,0,0
7fe6e83df,18,1,0,1,0
1ad5b7e94,23,4,0,0,0
892b96dce,23,1,0,0,0
e383713d9,23,4,1,0,0
966736b59,10,1,0,1,0
6b5e9336d,17,1,0,1,-1
6e06d9c36,10,1,0,0,0
de01590a0,23,1,0,1,-1
c42c6d95c,12,1,0,1,0
ecb326f94,12,1,0,1,0
92d7efc6f,17,1,0,0,0
c8a9319a2,23,4,0,0,0
e1a046050,12,1,0,1,0
6e2259a14,23,4,0,0,0
e70c89140,18,1,0,1,0
400b7210c,17,1,1,0,0
c28ca28d5,18,1,0,0,0
437cab912,23,4,0,1,0
5b54af5a2,12,1,0,0,0
6e9a6ed8e,17,1,0,0,0
e8799a715,23,4,0,0,0
711630bd8,18,1,1,1,0
73b9fcd25,12,1,0,0,0
c3f4242db,10,1,0,0,0
f879b8abf,17,1,0,0,0
a7b5b16f2,17,1,0,0,0
f638038ca,18,1,0,0,0
22c65e24d,17,4,0,0,0
d810b6166,23,1,0,0,0
094b72326,10,1,0,1,0
b070bc5aa,17,1,0,0,0
c614909e8,12,1,0,0,0
7a0847c03,23,4,0,0,0
910910c1d,23,4,0,0,0
787d688f7,17,4,0,0,0
f4c78a256,23,1,0,0,0
55b2b19d1,23,4,1,1,0
006ab765f,23,1,1,0,0
b96574294,18,1,1,1,0
f3fa23916,23,4,0,1,0
b4f532da2,17,4,0,0,0
f76471a24,10,1,0,0,0
314371312,23,1,0,0,0
7d039adf5,10,1,0,1,0
095a6d245,12,1,0,0,0
ee3eab224,23,1,1,0,0
45eb59137,18,1,0,1,0
c3ed6269b,23,4,0,1,0
d8b7f9ed6,23,4,1,0,0
7f261cc87,10,1,0,0,0
93af62b94,18,1,0,1,0
af95f758b,17,4,0,0,0
08243f982,23,1,0,0,0
3064b6276,23,4,0,1,0
314abd684,12,1,0,1,0
fd3199510,18,1,0,0,0
1a9743443,18,1,0,0,0
0434aa9f1,10,1,0,0,0
7fc8e9755,12,1,0,1,0
d49f05b8b,23,1,0,0,0
375ad7536,23,1,0,1,0
7448edc55,17,1,0,1,-1
391674704,23,4,0,1,0
d015ef3b5,18,1,0,0,0
c1c4d9ac3,17,4,0,1,0
e72e2955e,17,4,0,1,0
aa4028cbb,23,1,0,0,0
150cf1c58,18,1,0,0,0
8b237e9eb,17,1,0,1,-1
73441957d,12,1,0,0,0
b47b3fd1b,23,1,0,0,0
ea03652c6,10,1,0,0,0
c12e0a62b,17,1,1,0,0
fa4e32383,18,1,0,1,0
8c2c746fa,17,1,0,0,0
17a13256c,18,1,0,1,0
9ba959eef,23,4,0,0,0
081028e00,18,1,0,1,-1
b45764a8c,23,4,0,0,0
1441fe517,12,1,0,1,0
55dca9c85,23,1,1,0,0
75fb6132b,23,4,0,0,0
7fe6e83df,12,1,0,1,0
9bcb21e7e,23,1,0,1,-1
a1048dac6,23,4,0,0,0
fec53d619,17,4,0,0,0
58cd73b3f,17,1,0,1,0
8dc357382,12,1,0,0,0
aa524a44b,17,1,0,0,0
b46205f40,18,1,0,0,0
b75db3636,17,4,0,1,1
517b8984e,23,4,0,0,0
72ac13758,18,1,0,0,0
17817e8f8,10,1,0,1,0
2319eb4b4,18,1,1,1,0
55d68ab36,23,4,0,0,0
427069fef,23,1,0,1,0
37f670990,17,1,0,0,0
b164b0948,12,1,0,1,0
a916ebb05,17,4,0,1,0
cc4f5d732,23,1,0,0,0
0171866c7,18,1,0,1,0
15ec6a03d,10,1,0,0,0
83028db30,17,4,0,0,0
25d81e0f5,23,4,0,0,0
3a55f66eb,12,1,0,0,0
4b4101adf,17,1,0,1,-1
43423d1e3,23,4,0,0,0
4f48cc187,17,1,0,0,0
11a52d37a,18,1,1,1,0
e5e9b6e63,12,1,0,1,0
ae81919a7,17,4,0,0,0
77b4e16e9,10,1,0,1,-1
7a49b2465,12,1,1,1,0
ff255b11a,23,4,0,0,0
050d0ca85,12,1,0,1,0
044215cde,23,1,0,0,0
cb6361d10,12,1,0,1,0
053c2bfa7,23,1,0,0,0
ecb326f94,17,4,0,1,0
a87cd26bc,23,4,0,0,0
1c30a1874,12,1,0,1,0
8531f27ff,17,4,0,0,0
d8682919a,18,1,0,0,0
2f0ee87d7,18,1,0,0,0
70337c74e,23,1,0,1,-1
af5867d22,23,1,0,1,0
96fc32e3d,23,4,1,1,0
cfca0f35c,17,4,0,0,0
d63830a27,17,4,0,1,0
561ed4362,18,1,0,0,0
ecca11208,17,4,0,0,0
6bf5363f9,17,4,0,1,0
761526076,10,1,0,0,0
670946fce,12,1,0,1,0
ef6cfb9fa,23,4,0,0,0
d901bd050,23,1,0,0,0
4afa4d4d2,17,4,0,0,0
d54f04596,10,1,0,0,0
d63dc82ba,23,4,0,1,0
50d053fd6,23,1,0,1,0
ae8fd3a51,23,4,0,0,0
c47a78cc1,18,1,0,0,0
e8b85bca0,17,1,0,0,0
471bb3a84,12,1,1,0,0
880652c2a,23,4,1,1,0
009b760e6,10,1,1,0,0
a3adcd88c,17,1,0,1,0
45f43a9ed,17,1,0,1,0
a2268c660,10,1,0,0,0
b3061e1fa,17,1,0,1,0
14c77ad32,23,4,0,0,0
35a0c7254,12,1,0,1,0
caf300f6f,23,1,0,0,0
6838dc4f9,10,1,1,1,-1
e0f49d4ec,12,1,0,1,0
c13f3ab95,18,1,1,1,-1
c220f5fec,23,4,0,0,0
bd62d4fa2,23,4,1,1,0
bda762977,17,4,0,1,0
043356ff8,18,1,1,1,0
77afc337c,10,1,0,0,0
c5d639116,17,1,0,1,0
d82d5792e,12,1,0,0,0
fe679dc72,23,4,0,0,0
b64ad3bb0,10,1,0,0,0
dc1fcc4d0,12,1,0,1,0
a993402e2,12,1,0,1,0
04e8c27b7,12,1,0,1,0
0e0f7e141,17,1,0,1,0
99b8ad978,18,1,0,0,0
ae81919a7,12,1,0,0,0
49547f036,17,1,0,0,0
dc0075e9c,12,1,0,1,-1
a3adcd88c,17,1,0,1,0
d69958c40,23,4,0,1,1
011f25080,18,1,1,1,-1
305312c73,23,1,0,0,0
57fe5501f,23,1,0,0,0
326992b55,12,1,0,1,0
35a0342b2,23,4,0,0,0
e8799a715,17,4,0,0,0
7304d00e9,23,1,0,1,0
03049a445,23,1,0,0,0
7a578a3db,23,4,0,0,0
04e8c27b7,18,1,0,1,0
7d23a48ec,12,1,0,1,0
3f5fa0d76,23,1,1,0,0
0d6e47220,17,4,0,1,0
4da0f1bdd,18,1,0,1,0
b7771db53,12,1,0,1,0
3f0f6e73d,17,1,0,1,0
41d515379,10,1,0,0,0
92bebe093,23,1,0,1,0
2cda33945,10,1,0,0,0
ea71a1a7d,12,1,1,1,0
a4dc957b2,23,4,0,1,1
c56dc7731,17,4,0,1,0
4c840ed89,23,4,0,0,0
5b91eec8e,10,1,0,0,0
625c8a5e2,17,4,0,1,0
498cf88de,17,1,0,0,0
309517264,12,1,0,0,0
f1273a1ca,23,1,0,0,0
536d1bd04,12,1,0,1,0
ceaca16f9,12,1,0,1,0
2a309fcdb,18,1,0,1,0
7c0dcbff5,17,1,0,0,0
74eca68e7,17,1,0,0,0
3f010282e,18,1,0,0,0
617d4dbbd,12,1,1,1,0
99aa327b4,23,4,0,1,0
4037ecd74,23,1,0,0,0
6e54fae64,17,1,0,1,0
1100df69a,17,4,0,1,0
35675af70,23,1,1,0,0
b9b36a623,18,1,0,0,0
a1d96c821,18,1,1,1,-1
9996f3de8,10,1,0,0,0
2f594b20f,17,4,0,0,0
f1cc7d0a4,12,1,1,1,0
d689cee57,17,4,0,0,0
9a76cab9c,17,1,1,1,0
3b0141c04,10,1,0,1,0
14c397838,23,1,0,0,0
1736150d1,17,1,0,0,0
c69f0d176,10,1,0,0,0
5c17d020a,23,1,0,0,0
467b923c1,17,4,0,0,0
f1ecfb2df,12,1,0,1,0
84c429590,12,1,0,0,0
38709fece,23,1,0,1,0
3513db2b8,17,4,0,1,0
9c00b4d82,17,1,0,1,0
4482bd512,12,1,1,1,0
dd37a8e14,23,4,0,1,0
8f8e31e51,23,4,0,1,0
3afd4fdb9,12,1,0,0,0
bfe3e761b,17,4,0,0,0
6d58d2bf8,23,1,0,0,0
e9926ec3e,12,1,0,0,0
77a7a66fc,10,1,1,1,0
7643b684b,18,1,0,0,0
4c32a537b,23,4,0,1,0
54399c91c,18,1,1,1,0
79eb65254,10,1,0,0,0
f3f42968a,18,1,0,0,0
61b576271,17,4,0,1,0
28dff7a68,12,1,0,1,0
fb9c97afd,12,1,0,1,-1
7227068d3,12,1,0,1,-1
4cd27af37,17,4,0,1,0
044f7a7e5,23,4,0,1,0
76dcd03d5,12,1,0,1,-1
2f1c2dc2d,18,1,0,1,0
81689418d,10,1,0,0,0
28278e5dc,23,4,0,1,0
288e5d13f,23,4,0,1,-1
a3a065c09,10,1,0,0,0
d7730ecbc,17,1,0,0,0
8593f9606,17,4,0,1,0
b37fb00f0,17,4,0,1,0
f2d7ff608,10,1,0,0,0
9f8fcb625,23,1,1,0,0
e00453b19,10,1,0,0,0
44c8b5c73,12,1,1,1,0
0c8046832,23,1,0,0,0
b557f052b,23,4,0,0,0
5c87fd9b7,10,1,0,0,0
eb834b94f,23,1,0,0,0
aef347a03,12,1,0,1,0
a2e601a0d,23,1,0,0,0
6dc49f821,10,1,0,0,0
cb3e3b083,17,4,0,0,0
bb82a4058,17,4,0,1,0
51f25c83e,23,4,0,1,0
d0d340a8d,23,4,0,1,0
91efeccf7,17,1,0,0,0
5c1add666,17,4,0,1,0
41c70b0f1,23,1,0,0,0
3f88e7718,23,4,0,0,0
cb3285a5b,23,4,0,1,0
568f644e1,18,1,0,0,0
d4a03bf19,12,1,1,1,0
410af8433,17,4,0,1,0
a07a6bdf1,18,1,0,1,0
231809542,23,1,0,1,0
438c12dbc,12,1,0,1,0
e896b61a8,23,4,0,0,0
7f07486d1,23,1,1,0,0
9c60d9373,10,1,0,1,0
b45319264,12,1,1,1,0
8c7648ac2,17,4,0,1,0
528c13725,23,4,0,0,0
fab2cbfa6,18,1,0,1,0
ec56c2ee5,10,1,0,0,0
e21d56910,18,1,0,0,0
ddd8acd65,17,4,0,1,0
7e36ef3da,23,1,0,0,0
e80890ff7,23,4,1,0,0
656a61cad,23,1,0,0,0
f9dad91d4,17,1,0,0,0
7d32b80f1,23,1,0,0,0
45729ea1e,23,1,0,0,0
2e1dca0df,12,1,0,0,0
0fcc4abfb,23,1,0,0,0
5358a0dcc,23,1,0,0,0
ac7fb1d87,17,1,0,0,0
957141585,10,1,0,0,0
fe679dc72,17,4,0,0,0
e10069dce,23,1,0,1,0
911648d28,17,4,0,1,0
32326a03d,23,1,0,0,0
e8becf4c2,17,4,0,0,0
17a13256c,23,4,0,1,0
848df3de8,12,1,0,1,0
a6fd03333,10,1,0,0,0
b0fa0710b,10,1,0,0,0
5a55970ad,18,1,0,0,0
8531f27ff,17,4,0,0,0
8c81c0da2,23,4,0,1,0
e1d5724fd,18,1,0,1,-1
0201197ec,10,1,1,0,0
9e5d5b03e,17,4,1,0,0
a5384acd5,17,1,0,0,0
ad5ecca53,23,1,0,0,0
36d995c55,17,4,0,1,0
35cc7e29e,23,1,0,0,0
ae19625f5,17,4,0,1,0
a7a4e533b,17,4,0,1,1
b93ba967a,17,4,0,0,0
0a4e7e350,12,1,0,1,0
dca449f04,23,4,0,0,0
33d925d83,23,1,0,0,0
ce46ce19d,17,1,0,0,0
2dbfc6c8a,10,1,0,0,0
c74879cc9,23,1,0,0,0
b6aabf399,17,1,0,0,0
73c4d8db8,17,4,1,0,0
ce0c22f8a,17,1,0,1,0
a2441a74b,17,4,1,1,0
bf2c17c1e,23,4,0,0,0
553084f02,18,1,0,1,-1
07dcf40f7,10,1,1,0,0
049bbf288,17,4,0,1,0
5400d50cd,12,1,0,0,0
dfa80535f,10,1,1,0,-1
7ae89b681,23,1,0,0,0
8bf90ebb9,10,1,0,0,0
3c621e663,17,1,1,1,0
0a4e7e350,12,1,0,1,0
69110fa51,17,4,0,0,0
1d1083982,17,1,0,1,0
d922d82e9,12,1,1,0,0
8eac6d941,18,1,0,0,0
51cb253b0,12,1,0,1,0
869145e0b,17,1,0,0,0
510c02608,12,1,0,1,0
86c4cbd43,18,1,0,1,-1
3b4c751d3,23,4,0,1,0
2e1bf82ff,23,4,0,1,0
1b9f7d157,17,1,0,0,0
5479942ee,17,4,0,1,0
13e00ac51,17,4,0,0,0
7e17e43f9,18,1,0,0,0
ae4a3b1e2,12,1,1,1,1
87db70dff,10,1,1,0,0
1ad5b7e94,18,1,0,0,0
bf26252f1,23,4,0,1,0
49e90ebed,12,1,0,0,0
cd30a70bc,10,1,0,1,0
e333236af,10,1,0,1,0
942ca05c0,12,1,0,1,0
d7cb8e99f,17,4,0,1,0
6705bf12c,12,1,0,1,0
444ff0bad,17,4,0,0,0
631ed1b9c,23,4,0,1,0
34340b225,12,1,0,1,0
92588122c,17,4,1,0,0
4c8d4eda8,17,1,0,0,0
dcf09c26d,17,1,0,0,0
49dd06c3b,23,4,0,0,0
3d7a0cbcc,17,1,0,0,0
4978fb416,18,1,0,1,0
0adec440a,23,1,0,0,0
4ec63cd74,18,1,0,0,0
7e18385f0,10,1,0,0,0
e80890ff7,12,1,0,0,0
4284af850,17,1,0,1,0
7b975d9f0,17,4,0,1,0
e4e8c501e,10,1,1,0,0
12ec1d4cb,17,1,0,0,0
c5bb0d27f,17,1,0,1,-1
226a1b887,23,1,0,0,0
200656f13,17,4,0,0,0
d1d23c26d,17,4,0,0,0
221b20d20,17,4,0,0,0
3f48c15dc,10,1,1,0,0
3c288364b,23,1,0,1,0
91efeccf7,17,1,0,0,0
e2de15b96,12,1,0,0,0
5a3f09a5c,10,1,1,0,0
d0d340a8d,17,4,0,1,0
ff858780b,18,1,0,1,-1
d169ed0b5,12,1,0,1,0
5f9c0bfb4,23,1,0,0,0
ce8270c7b,12,1,1,1,0
21e86baf9,23,1,0,1,0
e2de15b96,12,1,0,0,0
9bb30c6fb,10,1,0,1,0
1100df69a,17,1,0,1,0
9a76cab9c,17,1,1,1,0
cf1d720cb,10,1,0,1,-1
19efc5fcb,17,1,0,1,0
e6998cb3d,17,4,0,1,-1
5918b110a,18,1,0,1,0
c15840ebf,12,1,0,1,0
b46ce77de,17,4,0,1,0
77c2a2755,18,1,0,1,-1
e5b2291d4,17,1,0,1,0
939659635,12,1,0,1,0
b9ed36b25,18,1,0,1,0
3f3c49ad2,10,1,1,0,0
83028db30,23,4,0,0,0
e2dad1e3c,23,1,0,0,0
ac7fb1d87,23,4,0,0,0
f0f4fcc74,18,1,0,0,0
24ccd2df6,10,1,0,0,0
8ec858427,23,4,0,0,0
fa1776098,17,1,0,1,0
29a990e00,17,4,0,0,0
879e3a47c,23,4,0,0,0
10fc9a772,17,4,0,1,0
6ac2d2237,12,1,0,1,0
f021c411a,10,1,0,1,0
0b3479649,12,1,0,0,0
5f0242614,10,1,0,1,0
a733a6cb3,17,4,0,1,0
51319c540,10,1,1,0,0
73c482b64,23,1,0,1,0
4b8081f56,17,1,0,0,0
a389edea1,17,4,0,0,0
c220f5fec,12,1,1,0,0
013716dbf,23,1,0,0,0
fa9353c0a,23,1,1,0,0
bf2c17c1e,12,1,0,0,0
6b657cb3d,17,4,0,1,0
b7fcfb502,12,1,1,1,0
8de8aa454,17,1,0,0,0
6093f0100,17,1,0,1,0
4a172c4d6,18,1,0,1,-1
7422a808c,23,1,0,1,-1
5fcd09edb,12,1,0,1,0
806efa0f6,12,1,0,0,0
a51441a5e,12,1,0,0,0
8f8e4f3e2,17,4,0,1,0
3fea75045,12,1,0,1,0
50858c287,12,1,0,1,0
172bb1373,17,4,0,1,1
635c1a6e8,18,1,0,0,0
bf964d1fa,18,1,0,1,0
d2b1000c1,10,1,0,1,0
2bb539997,23,4,0,0,0
887a57272,10,1,0,1,0
2ffaa6c02,23,4,0,1,0
c929e0def,10,1,0,0,0
be93419c6,17,1,0,1,0
12ec1d4cb,12,1,0,0,0
b55d2f7b4,23,1,1,0,0
8e2ff1572,10,1,0,0,0
a982778f5,17,4,0,1,0
3523d5f6a,23,1,0,0,0
e5e62e9ab,18,1,0,1,-1
6eddeebb1,18,1,0,1,0
3f4816f3a,17,1,0,0,0
b022cba86,23,4,0,0,0
8ff70700d,17,4,0,0,0
9467401d6,23,1,0,0,0
132719309,23,1,0,0,0
50bf7744e,17,4,0,0,0
db47f8920,10,1,0,0,0
ec5bfe219,23,1,0,0,0
095a6d245,17,4,0,0,0
588f7397f,10,1,0,0,0
6f9eadffb,17,4,0,1,0
802907092,23,4,1,0,0
be39a8871,17,4,0,1,-1
3b0bbd1da,17,4,0,0,0
f3bebfb56,10,1,0,1,0
b67a36510,23,4,0,1,0
d354dce4b,23,1,0,0,0
7a8747d7b,17,1,0,1,0
5b00d77fa,17,1,0,0,0
4f6e4f097,10,1,1,0,0
7ef417a44,23,4,0,0,0
85b769427,10,1,0,1,0
777b118c8,17,4,0,1,0
ac155150d,23,1,0,0,0
3fe0369b8,23,1,0,0,0
1a24795a3,23,1,0,0,0
0ca70d19c,17,1,0,0,0
cf1eff29a,17,1,0,0,0
fe8f47d1e,23,1,0,1,0
3b064b25a,17,4,0,0,0
71917c271,17,1,0,1,0
dd7c5fa83,12,1,0,0,0
2dbde8233,23,4,0,0,0
06defceab,23,1,0,0,0
5a55970ad,23,4,0,0,0
f25a5f303,23,1,0,0,0
e143ced0e,23,4,0,0,0
6606e8d7e,18,1,0,1,0
8f3d579c8,17,4,0,1,0
36d995c55,17,1,0,1,0
32ea5e03e,18,1,0,1,0
68bc65ca0,17,4,0,0,0
b4ef18a15,17,4,0,1,0
3fcead61b,17,4,0,1,-1
d09dc9dd5,17,1,0,1,0
e04789694,18,1,0,1,0
55d68ab36,17,4,0,0,0
4df50c66e,17,1,1,0,0
dbe4d40b9,23,1,0,0,0
ba3f81b56,12,1,0,1,-1
8d94e0b77,10,1,0,0,0
32af58c85,17,1,0,1,0
543d2fac3,18,1,0,1,0
f73bc3666,17,4,0,1,0
f6b50aeb1,10,1,0,1,-1
65f32be6d,23,4,0,0,0
b3bfbff1f,17,1,0,0,0
bdd4aa62c,17,1,1,0,0
022f801bc,18,1,0,1,0
4da0f1bdd,12,1,0,1,0
4fbb06ed1,23,4,0,1,0
457fdb9b8,17,4,0,0,0
e3a71c03b,23,4,0,0,0
510b223cf,17,4,0,1,-1
18f850b4d,10,1,0,0,0
f955ef2d0,17,1,0,1,-1
f109f8584,10,1,0,0,0
db9673439,23,4,0,0,0
dbb391d3f,23,1,0,1,0
8b87b2f21,23,4,0,0,0
974d0139e,23,4,0,1,0
c4ec1e7de,17,1,0,1,0
3ab39acdc,23,4,0,1,0
6a0ac2d09,23,1,1,0,0
9d6de44f0,10,1,0,0,0
534e91880,10,1,0,1,0
b9c0662fa,23,1,0,0,0
b61008633,10,1,0,0,0
98de33bc9,23,4,0,0,0
c9bd1f599,23,1,1,1,0
4b7da2fb5,17,4,0,1,0
ccd3bc465,17,1,0,1,0
ec3a54dc6,18,1,0,1,0
aa7d3cfe0,10,1,1,0,0
4f48cc187,12,1,0,0,0
91a2ba786,10,1,0,0,0
0d42350fc,18,1,0,1,0
e2cefd02b,17,4,0,1,0
433f3a83f,17,4,0,1,0
7868d416a,18,1,0,1,0
9db0536ca,23,1,0,1,0
068f1b8e2,12,1,1,1,0
aefd0f061,17,4,0,1,0
275a0fc0c,18,1,0,1,0
5281fc845,17,4,0,1,0
076ba0261,18,1,0,0,0
0a33527e9,12,1,0,1,0
8760446bf,18,1,0,1,0
fb5371e7b,23,1,1,0,0
16859b597,23,1,0,0,0
e5001ade8,23,1,0,0,0
eadccba2d,17,4,0,1,0
806a580d7,12,1,0,0,0
8e2ff1226,23,4,0,1,0
94b789ac1,17,4,0,0,0
177389698,17,1,0,0,0
17817e8f8,18,1,0,1,0
62bb0ffa5,17,1,0,0,0
d60157507,18,1,0,0,0
2f5d0583e,12,1,0,0,0
41e6d9f63,18,1,0,1,0
9e1901ca0,18,1,0,0,0
69bfafa26,23,4,0,0,0
e6af91bbf,12,1,1,1,0
43739e7ab,10,1,0,1,0
364e9b5e7,18,1,0,1,0
12ec1d4cb,17,4,0,0,0
99a3e9c18,10,1,0,0,0
bdd4aa62c,18,1,0,0,0
cf7af9895,10,1,1,0,0
5b51ef7a2,17,4,0,0,0
20bab06f6,10,1,0,1,-1
d1ee105cc,23,1,0,0,0
9c81b2ecb,17,4,0,1,0
de8af793e,17,1,0,0,0
d17bcb8cd,23,1,0,0,0
f0298d1fe,18,1,0,1,-1
c3998738f,23,1,0,1,0
682b40044,12,1,0,0,0
910910c1d,23,4,0,0,0
91e712b97,12,1,0,1,0
61d1f5e59,18,1,0,0,0
9b3959bde,12,1,0,0,0
bda762977,17,1,1,0,0
5673135ca,18,1,0,0,0
24de2bce7,23,4,0,0,0
6a5511f58,23,4,0,0,0
0d489b79b,17,4,0,0,0
d53f58786,18,1,0,0,0
cf739c61d,10,1,1,0,0
0ad908b48,17,1,0,1,-1
318fb828a,10,1,0,0,0
0bef9aa9e,10,1,0,1,0
3f5f4aa9a,12,1,1,1,1
af6a0d203,17,4,1,0,0
ff255b11a,17,4,0,0,0
af99851ef,23,4,0,1,0
c138beefa,18,1,0,0,0
a07dc1fb4,10,1,0,0,0
a227d1315,17,4,0,0,0
160c65ebc,12,1,0,0,0
dd38bef4b,23,4,1,0,0
47ff7542e,18,1,0,0,0
72ad27520,23,1,0,0,0
ddf23c4cd,23,4,0,1,0
61741251f,10,1,1,0,0
7277aa5a8,17,4,1,0,0
d37d68bdb,18,1,0,1,0
94b789ac1,23,4,0,0,0
9c60d9373,18,1,0,1,0
cddceb09a,17,4,0,0,0
0a8974fbc,17,1,0,1,0
3ab39acdc,17,1,0,0,0
5af0790a0,23,1,0,0,0
b988da7d0,23,4,1,0,0
c47a78cc1,23,4,0,0,0
526be630e,23,1,0,0,0
400b7210c,17,1,1,0,0
90fcaa564,10,1,0,1,0
19efc5fcb,17,1,0,0,0
3d28b6a6b,17,4,0,1,0
52489a0d1,12,1,0,0,0
88c3d9a42,17,4,0,1,-1
3458e20b8,10,1,1,0,0
cee9c110c,23,1,0,1,0
c06d6231c,17,1,0,1,0
f8c661973,12,1,0,1,0
fbab42376,23,4,0,0,0
ff672e3bb,17,4,0,1,0
31d654f96,10,1,0,0,0
d553ca9b2,17,1,0,0,0
8b713bb0c,18,1,0,0,0
9cb5f0d5f,17,4,0,1,0
0a9143370,10,1,0,0,0
d5fa60cbb,23,4,0,0,0
6553d31ad,23,1,0,0,0
30095c4fe,17,4,0,1,0
820799e38,12,1,0,0,0
0e0a36d7a,23,4,0,0,0
53795fda1,17,1,0,1,0
983a13114,18,1,0,0,0
16553d5cd,23,4,1,0,0
30ef6469d,18,1,0,0,0
49b80ec61,12,1,0,1,0
91554a8fb,23,4,0,0,0
4917f357a,23,1,0,0,0
d03a7b4f8,10,1,0,0,0
79f38de91,23,1,1,0,0
c7c41bf35,23,1,0,0,0
566e4155f,18,1,0,0,0
b6aa1c73f,12,1,0,1,0
ca99623ca,10,1,1,1,0
ec24a4d07,18,1,1,1,-1
821ab7ea6,18,1,0,1,0
517b8984e,18,1,0,0,0
5f9ccf567,18,1,0,1,0
e393a4c21,23,1,1,1,0
71f6e25da,10,1,0,0,0
5f51598f1,17,1,1,0,0
6770bda7d,12,1,0,1,0
837d77a0e,10,1,0,0,0
f5c3420f6,10,1,1,0,0
a5a731f5d,23,1,0,1,-1
ffc6031f8,17,4,0,0,0
17402f75a,12,1,0,1,0
373ec0df1,17,1,0,1,0
24b29f809,23,4,0,0,0
bd62d4fa2,23,4,1,1,0
aa5512382,12,1,0,1,0
50de63436,23,4,0,0,0
5d6f92026,12,1,0,0,0
3710abba6,12,1,0,0,0
450f7f9ee,17,1,0,1,0
c9d617218,10,1,0,0,0
53e03be42,23,4,0,0,0
088a32d3e,23,1,0,0,0
6444d49cc,23,1,0,0,0
288e5d13f,23,4,0,1,-1
fdda158ed,12,1,1,1,0
b9876beef,23,4,0,0,0
b5a27f61b,23,1,0,1,0
1d50498d8,10,1,0,1,-1
7a2c2ab70,12,1,0,0,0
4a8ba0041,23,4,0,0,0
9896fe27c,23,1,0,0,0
6c46ba8f1,17,4,0,1,0
f3f42968a,12,1,0,0,0
131dc7876,23,1,0,1,0
e629fec25,10,1,0,0,0
8c7648ac2,17,4,0,1,0
5fcd09edb,17,1,0,1,0
29213ed4e,10,1,0,0,0
1383208d3,10,1,1,0,0
053aeb7bd,23,4,1,1,0
8e9bf8405,10,1,0,0,0
812725990,17,1,0,1,1
d21aa62a1,17,4,0,0,0
0e57bfc3a,10,1,0,1,0
34e6d5210,23,1,0,0,0
9d293be93,12,1,1,1,0
95b72ea60,23,4,0,0,0
477119234,17,4,0,0,0
e3651f526,17,4,0,0,0
20de9e491,23,4,0,1,0
a2b073406,23,4,1,1,0
9dd7f882f,23,1,0,0,0
43423d1e3,17,4,0,0,0
356b93991,18,1,1,1,0
ecb326f94,17,4,0,1,0
1cef26217,12,1,0,0,0
c634dd8de,10,1,0,1,0
c47ee8e2f,23,1,0,1,0
6ff194238,18,1,0,1,0
ed3c557ff,23,4,0,1,0
ab2a99147,10,1,0,1,0
909fd946a,17,1,0,0,0
728459067,10,1,1,1,0
4cfc749c3,17,1,0,1,0
9cb5f0d5f,23,4,0,1,0
1d6ad1c81,23,1,0,0,0
40e97e435,18,1,0,1,0
7ea9d320a,23,1,0,0,0
ad3e23adc,12,1,0,0,0
aecf3d8d2,17,4,1,0,0
d58b25d04,23,1,0,0,0
a2ae08a6e,17,1,0,1,0
e3b99eb44,10,1,0,0,0
08f1d28d2,17,1,0,1,0
a114f20bd,12,1,0,1,0
3f056b3d1,23,1,0,1,0
d583a3fd4,10,1,0,0,0
e4792e365,23,1,0,1,0
8e2ff1226,17,4,0,1,0
1ce06e027,10,1,0,0,0
2d0b599f2,17,1,0,1,0
10fc9a772,12,1,0,1,0
8eab581da,12,1,0,0,0
39e58073a,18,1,0,0,0
dd46cb626,17,4,0,1,0
a9637eb5b,23,1,1,0,0
f16860025,18,1,0,1,0
45f43a9ed,12,1,0,1,0
8c44ed2cf,10,1,1,1,0
ef1d98fff,23,1,0,1,0
c21cff9ba,17,1,0,1,0
706e6f1e8,12,1,1,1,0
9fcfdb991,17,1,0,0,0
f7edb8a8c,23,4,0,1,0
66c798e69,17,4,0,1,0
a0df1bd4b,23,1,0,1,0
37e8f76ab,10,1,0,0,0
73441957d,23,4,0,0,0
ccd0a0bff,12,1,1,1,0
a2441a74b,17,4,0,1,0
9d56dc0b8,10,1,0,0,0
8e0e7cc78,10,1,0,0,0
7c2ddfd43,12,1,0,1,0
946390b26,10,1,1,0,0
38bbedd15,10,1,0,1,0
2e3c703af,23,1,0,0,0
04e8c27b7,23,4,0,1,0
da329b0a5,17,4,0,1,0
59a9eb657,23,4,1,1,0
c7dc9f7f4,23,4,0,0,0
9bb6e3e6b,23,1,0,1,0
ed3c557ff,17,4,0,1,0
4d5d2d2b7,17,4,0,0,0
9367e95cc,12,1,0,1,0
c68fb36e7,17,4,0,0,0
ec02f75ce,12,1,0,1,0
46e01323b,17,1,0,0,0
745537ab3,12,1,0,1,0
444ff0bad,23,4,0,0,0
77cde7112,23,4,0,1,0
fa9513274,18,1,0,0,0
e42215aa0,23,4,1,1,-1
158c5acb6,18,1,0,1,0
e3ab7b645,12,1,0,1,0
edcb36c64,17,4,0,0,0
4e1d6ff44,23,1,0,0,0
dca449f04,23,4,0,0,0
d0b136e7b,10,1,0,0,0
25d81e0f5,18,1,0,0,0
5723a520c,12,1,1,0,0
84c429590,23,4,0,0,0
4c845907b,12,1,1,1,0
30a1defc2,17,1,0,0,0
3b0bbd1da,18,1,0,0,0
4d54e38a8,12,1,1,1,0
160add406,23,4,1,0,0
92d7efc6f,17,1,0,0,0
664a8e8e5,12,1,0,0,0
ef3647390,12,1,1,1,0
98893ac30,23,1,0,0,0
a2441a74b,18,1,0,1,0
32ea5e03e,12,1,0,1,-1
6f036d0ff,12,1,0,1,0
d96068608,23,1,0,0,0
04af4dc74,18,1,0,0,0
d45ae0dc3,12,1,0,1,0
5b91eec8e,23,4,0,0,0
e37f19f7c,10,1,0,0,0
b46fd30dd,10,1,0,0,0
75c3ab824,10,1,0,1,0
5f51598f1,23,4,0,0,0
d169ed0b5,17,4,1,1,0
e3d8c24c6,17,4,0,0,0
1aa00dc63,23,4,1,1,0
b46ce77de,12,1,0,1,0
51cb253b0,23,4,0,1,0
d7a655c45,23,4,0,1,0
